{"cameraMode":{"drawMode":0,"name":"Shaded","section":"Shading Mode"},"sceneLighting":true,"audioPlay":false,"sceneViewState":{"showFog":true,"showMaterialUpdate":false,"showSkybox":true,"showFlares":true,"showImageEffects":true,"showParticleSystems":true},"in2DMode":false,"pivot":{"x":19.418981552124025,"y":47.726192474365237,"z":55.595558166503909},"rotation":{"x":-0.16355843842029572,"y":-0.4192834794521332,"z":0.07707846164703369,"w":-0.8896825313568115},"size":126.69548034667969,"orthographic":false}